dataset name,MSE,RMSE
ArrowHead,0.021452486623682727,0.14646667410603248
BME,0.04327338846991912,0.20802256721307696
CricketY,0.2160464519250814,0.4648079731728807
