,mae,mse,r_squared
0,0.1696138211853353,0.04420652797903265,0.9473209962720178
