,mae,mse,r_squared
0,0.152472374147265,0.036770257241459374,0.9776302905565841
