,mae,mse,r_squared
0,0.1294849868989684,0.0275092488041755,0.5709123908536945
