,mae,mse,r_squared
0,0.9237395080275145,1.3153179132125188,0.8987711276746712
