,open,high,low,close,volume
open,1.0,0.9999997370577914,0.9999997119013194,0.9999995395228795,-0.04199760903684536
high,0.9999997370577914,1.0,0.9999994623459809,0.9999997284767901,-0.041994562409881434
low,0.9999997119013194,0.9999994623459809,1.0,0.9999997371074187,-0.042000880144552534
close,0.9999995395228795,0.9999997284767901,0.9999997371074187,1.0,-0.041997679749025255
volume,-0.04199760903684536,-0.041994562409881434,-0.042000880144552534,-0.041997679749025255,1.0
