,mae,mse,r_squared
0,0.09730045,0.016446069,0.9827492901031508
