,mae,mse,r_squared
0,0.3304873,0.17304789,0.4966461820677629
