,mae,mse,r_squared
0,0.43396246,0.3140352,0.4809975056516401
