,mae,mse,r_squared
0,0.04039167,0.0036036249,0.9621814958415854
