,mae,mse,r_squared
0,0.03274323754012585,0.0029810265579726545,0.9626540708779632
