,mae,mse,r_squared
0,0.06412631869316102,0.006530276422078411,0.9920813065082498
