,mae,mse,r_squared
0,0.03217630026241144,0.0015368011586057643,0.9898883145005414
