,mae,mse,r_squared
0,0.04741444985071818,0.0034400570128733914,0.9855035523523614
