,mae,mse,r_squared
0,0.15566045381099994,0.050028484958816885,0.9291767586554177
