,mae,mse,r_squared
0,0.39166290898891964,0.25284354999586894,0.6835606385571389
