,mae,mse,r_squared
0,0.10042491523593866,0.017773339491280394,0.9735276117159721
