,mae,mse,r_squared
0,0.3546376834939318,0.3064020909701328,0.6298863719278238
